method,m,n,k,repetition,warmups,iterations,batch_ms,per_call_ms,timing
cpu,128,128,128,0,1,1,2.9594,2.9594,steady_clock
cpu,128,128,128,1,1,1,1.3357,1.3357,steady_clock
cpu,128,128,128,2,1,1,1.3358,1.3358,steady_clock
cpu,128,128,128,3,1,1,1.3343,1.3343,steady_clock
cpu,128,128,128,4,1,1,1.3507,1.3507,steady_clock
cpu,128,128,128,5,1,1,1.3717,1.3717,steady_clock
cpu,128,128,128,6,1,1,1.3692,1.3692,steady_clock
naive,128,128,128,0,10,50,0.991232,0.0198246,cuda_event
tiled,128,128,128,0,10,50,1.08134,0.0216269,cuda_event
cublas_fp32_pedantic,128,128,128,0,10,50,0.863136,0.0172627,cuda_event
tiled,128,128,128,1,10,50,0.899072,0.0179814,cuda_event
cublas_fp32_pedantic,128,128,128,1,10,50,0.918528,0.0183706,cuda_event
naive,128,128,128,1,10,50,0.937984,0.0187597,cuda_event
cublas_fp32_pedantic,128,128,128,2,10,50,0.830464,0.0166093,cuda_event
naive,128,128,128,2,10,50,1.0537,0.0210739,cuda_event
tiled,128,128,128,2,10,50,1.21958,0.0243917,cuda_event
naive,128,128,128,3,10,50,0.968704,0.0193741,cuda_event
tiled,128,128,128,3,10,50,0.927744,0.0185549,cuda_event
cublas_fp32_pedantic,128,128,128,3,10,50,0.799744,0.0159949,cuda_event
tiled,128,128,128,4,10,50,1.21549,0.0243098,cuda_event
cublas_fp32_pedantic,128,128,128,4,10,50,1.22982,0.0245965,cuda_event
naive,128,128,128,4,10,50,0.873472,0.0174694,cuda_event
cublas_fp32_pedantic,128,128,128,5,10,50,0.690176,0.0138035,cuda_event
naive,128,128,128,5,10,50,0.78848,0.0157696,cuda_event
tiled,128,128,128,5,10,50,0.637952,0.012759,cuda_event
naive,128,128,128,6,10,50,0.838656,0.0167731,cuda_event
tiled,128,128,128,6,10,50,0.625664,0.0125133,cuda_event
cublas_fp32_pedantic,128,128,128,6,10,50,0.683008,0.0136602,cuda_event
tiled,128,128,128,7,10,50,0.703488,0.0140698,cuda_event
cublas_fp32_pedantic,128,128,128,7,10,50,0.530432,0.0106086,cuda_event
naive,128,128,128,7,10,50,0.744448,0.014889,cuda_event
cublas_fp32_pedantic,128,128,128,8,10,50,1.52371,0.0304742,cuda_event
naive,128,128,128,8,10,50,0.8192,0.016384,cuda_event
tiled,128,128,128,8,10,50,0.666624,0.0133325,cuda_event
naive,128,128,128,9,10,50,0.815104,0.0163021,cuda_event
tiled,128,128,128,9,10,50,0.68096,0.0136192,cuda_event
cublas_fp32_pedantic,128,128,128,9,10,50,0.662528,0.0132506,cuda_event
tiled,128,128,128,10,10,50,0.652288,0.0130458,cuda_event
cublas_fp32_pedantic,128,128,128,10,10,50,0.79872,0.0159744,cuda_event
naive,128,128,128,10,10,50,0.792576,0.0158515,cuda_event
cublas_fp32_pedantic,128,128,128,11,10,50,0.755712,0.0151142,cuda_event
naive,128,128,128,11,10,50,0.748544,0.0149709,cuda_event
tiled,128,128,128,11,10,50,0.67072,0.0134144,cuda_event
naive,128,128,128,12,10,50,0.796672,0.0159334,cuda_event
tiled,128,128,128,12,10,50,0.666624,0.0133325,cuda_event
cublas_fp32_pedantic,128,128,128,12,10,50,0.606208,0.0121242,cuda_event
tiled,128,128,128,13,10,50,0.910336,0.0182067,cuda_event
cublas_fp32_pedantic,128,128,128,13,10,50,1.01274,0.0202547,cuda_event
naive,128,128,128,13,10,50,1.19501,0.0239002,cuda_event
cublas_fp32_pedantic,128,128,128,14,10,50,0.863232,0.0172646,cuda_event
naive,128,128,128,14,10,50,1.08646,0.0217293,cuda_event
tiled,128,128,128,14,10,50,1.09363,0.0218726,cuda_event
cpu,255,257,129,0,1,1,5.4211,5.4211,steady_clock
cpu,255,257,129,1,1,1,3.7716,3.7716,steady_clock
cpu,255,257,129,2,1,1,3.9675,3.9675,steady_clock
cpu,255,257,129,3,1,1,4.9217,4.9217,steady_clock
cpu,255,257,129,4,1,1,3.899,3.899,steady_clock
cpu,255,257,129,5,1,1,4.7543,4.7543,steady_clock
cpu,255,257,129,6,1,1,4.0466,4.0466,steady_clock
naive,255,257,129,0,10,20,0.846848,0.0423424,cuda_event
tiled,255,257,129,0,10,20,0.777216,0.0388608,cuda_event
cublas_fp32_pedantic,255,257,129,0,10,20,0.443392,0.0221696,cuda_event
tiled,255,257,129,1,10,20,0.745472,0.0372736,cuda_event
cublas_fp32_pedantic,255,257,129,1,10,20,0.29184,0.014592,cuda_event
naive,255,257,129,1,10,20,0.835584,0.0417792,cuda_event
cublas_fp32_pedantic,255,257,129,2,10,20,0.411648,0.0205824,cuda_event
naive,255,257,129,2,10,20,0.832512,0.0416256,cuda_event
tiled,255,257,129,2,10,20,0.75776,0.037888,cuda_event
naive,255,257,129,3,10,20,0.838656,0.0419328,cuda_event
tiled,255,257,129,3,10,20,0.738304,0.0369152,cuda_event
cublas_fp32_pedantic,255,257,129,3,10,20,0.41472,0.020736,cuda_event
tiled,255,257,129,4,10,20,0.730112,0.0365056,cuda_event
cublas_fp32_pedantic,255,257,129,4,10,20,0.49152,0.024576,cuda_event
naive,255,257,129,4,10,20,0.83968,0.041984,cuda_event
cublas_fp32_pedantic,255,257,129,5,10,20,0.37888,0.018944,cuda_event
naive,255,257,129,5,10,20,0.833536,0.0416768,cuda_event
tiled,255,257,129,5,10,20,0.72704,0.036352,cuda_event
naive,255,257,129,6,10,20,0.831488,0.0415744,cuda_event
tiled,255,257,129,6,10,20,0.728064,0.0364032,cuda_event
cublas_fp32_pedantic,255,257,129,6,10,20,0.464896,0.0232448,cuda_event
tiled,255,257,129,7,10,20,0.739328,0.0369664,cuda_event
cublas_fp32_pedantic,255,257,129,7,10,20,0.462848,0.0231424,cuda_event
naive,255,257,129,7,10,20,0.872448,0.0436224,cuda_event
cublas_fp32_pedantic,255,257,129,8,10,20,0.395264,0.0197632,cuda_event
naive,255,257,129,8,10,20,0.837632,0.0418816,cuda_event
tiled,255,257,129,8,10,20,0.740352,0.0370176,cuda_event
naive,255,257,129,9,10,20,0.827392,0.0413696,cuda_event
tiled,255,257,129,9,10,20,0.835584,0.0417792,cuda_event
cublas_fp32_pedantic,255,257,129,9,10,20,0.314368,0.0157184,cuda_event
tiled,255,257,129,10,10,20,0.789504,0.0394752,cuda_event
cublas_fp32_pedantic,255,257,129,10,10,20,0.408576,0.0204288,cuda_event
naive,255,257,129,10,10,20,0.851968,0.0425984,cuda_event
cublas_fp32_pedantic,255,257,129,11,10,20,0.405504,0.0202752,cuda_event
naive,255,257,129,11,10,20,0.832512,0.0416256,cuda_event
tiled,255,257,129,11,10,20,0.729088,0.0364544,cuda_event
naive,255,257,129,12,10,20,0.914432,0.0457216,cuda_event
tiled,255,257,129,12,10,20,0.730112,0.0365056,cuda_event
cublas_fp32_pedantic,255,257,129,12,10,20,0.34304,0.017152,cuda_event
tiled,255,257,129,13,10,20,0.77824,0.038912,cuda_event
cublas_fp32_pedantic,255,257,129,13,10,20,0.379904,0.0189952,cuda_event
naive,255,257,129,13,10,20,0.83456,0.041728,cuda_event
cublas_fp32_pedantic,255,257,129,14,10,20,0.345088,0.0172544,cuda_event
naive,255,257,129,14,10,20,0.832512,0.0416256,cuda_event
tiled,255,257,129,14,10,20,0.790528,0.0395264,cuda_event
naive,512,512,512,0,10,10,5.52243,0.552243,cuda_event
tiled,512,512,512,0,10,10,4.26906,0.426906,cuda_event
cublas_fp32_pedantic,512,512,512,0,10,10,0.93184,0.093184,cuda_event
tiled,512,512,512,1,10,10,4.26086,0.426086,cuda_event
cublas_fp32_pedantic,512,512,512,1,10,10,0.898048,0.0898048,cuda_event
naive,512,512,512,1,10,10,5.51424,0.551424,cuda_event
cublas_fp32_pedantic,512,512,512,2,10,10,0.893952,0.0893952,cuda_event
naive,512,512,512,2,10,10,5.51322,0.551322,cuda_event
tiled,512,512,512,2,10,10,4.22298,0.422298,cuda_event
naive,512,512,512,3,10,10,5.54189,0.554189,cuda_event
tiled,512,512,512,3,10,10,4.25779,0.425779,cuda_event
cublas_fp32_pedantic,512,512,512,3,10,10,0.858112,0.0858112,cuda_event
tiled,512,512,512,4,10,10,4.2281,0.42281,cuda_event
cublas_fp32_pedantic,512,512,512,4,10,10,0.891904,0.0891904,cuda_event
naive,512,512,512,4,10,10,5.51219,0.551219,cuda_event
cublas_fp32_pedantic,512,512,512,5,10,10,0.869376,0.0869376,cuda_event
naive,512,512,512,5,10,10,5.50502,0.550502,cuda_event
tiled,512,512,512,5,10,10,4.2281,0.42281,cuda_event
naive,512,512,512,6,10,10,5.51731,0.551731,cuda_event
tiled,512,512,512,6,10,10,4.23629,0.423629,cuda_event
cublas_fp32_pedantic,512,512,512,6,10,10,0.872448,0.0872448,cuda_event
tiled,512,512,512,7,10,10,4.22707,0.422707,cuda_event
cublas_fp32_pedantic,512,512,512,7,10,10,0.82432,0.082432,cuda_event
naive,512,512,512,7,10,10,5.4999,0.54999,cuda_event
cublas_fp32_pedantic,512,512,512,8,10,10,0.831488,0.0831488,cuda_event
naive,512,512,512,8,10,10,5.50298,0.550298,cuda_event
tiled,512,512,512,8,10,10,4.23322,0.423322,cuda_event
naive,512,512,512,9,10,10,5.50912,0.550912,cuda_event
tiled,512,512,512,9,10,10,4.27315,0.427315,cuda_event
cublas_fp32_pedantic,512,512,512,9,10,10,0.929792,0.0929792,cuda_event
tiled,512,512,512,10,10,10,4.22605,0.422605,cuda_event
cublas_fp32_pedantic,512,512,512,10,10,10,0.915456,0.0915456,cuda_event
naive,512,512,512,10,10,10,5.53165,0.553165,cuda_event
cublas_fp32_pedantic,512,512,512,11,10,10,0.883712,0.0883712,cuda_event
naive,512,512,512,11,10,10,5.53882,0.553882,cuda_event
tiled,512,512,512,11,10,10,4.26189,0.426189,cuda_event
naive,512,512,512,12,10,10,5.54701,0.554701,cuda_event
tiled,512,512,512,12,10,10,4.13798,0.413798,cuda_event
cublas_fp32_pedantic,512,512,512,12,10,10,0.877568,0.0877568,cuda_event
tiled,512,512,512,13,10,10,4.07859,0.407859,cuda_event
cublas_fp32_pedantic,512,512,512,13,10,10,0.866304,0.0866304,cuda_event
naive,512,512,512,13,10,10,5.32787,0.532787,cuda_event
cublas_fp32_pedantic,512,512,512,14,10,10,0.821248,0.0821248,cuda_event
naive,512,512,512,14,10,10,5.25722,0.525722,cuda_event
tiled,512,512,512,14,10,10,4.04992,0.404992,cuda_event
naive,1024,1024,1024,0,10,3,12.5993,4.19977,cuda_event
tiled,1024,1024,1024,0,10,3,9.61741,3.2058,cuda_event
cublas_fp32_pedantic,1024,1024,1024,0,10,3,1.4848,0.494933,cuda_event
tiled,1024,1024,1024,1,10,3,9.6041,3.20137,cuda_event
cublas_fp32_pedantic,1024,1024,1024,1,10,3,1.47149,0.490496,cuda_event
naive,1024,1024,1024,1,10,3,12.5061,4.1687,cuda_event
cublas_fp32_pedantic,1024,1024,1024,2,10,3,1.42336,0.474453,cuda_event
naive,1024,1024,1024,2,10,3,12.4867,4.16222,cuda_event
tiled,1024,1024,1024,2,10,3,10.0997,3.36657,cuda_event
naive,1024,1024,1024,3,10,3,13.2434,4.41446,cuda_event
tiled,1024,1024,1024,3,10,3,10.0792,3.35974,cuda_event
cublas_fp32_pedantic,1024,1024,1024,3,10,3,1.54112,0.513707,cuda_event
tiled,1024,1024,1024,4,10,3,9.7751,3.25837,cuda_event
cublas_fp32_pedantic,1024,1024,1024,4,10,3,1.50733,0.502443,cuda_event
naive,1024,1024,1024,4,10,3,12.5829,4.1943,cuda_event
cublas_fp32_pedantic,1024,1024,1024,5,10,3,1.53702,0.512341,cuda_event
naive,1024,1024,1024,5,10,3,12.9618,4.3206,cuda_event
tiled,1024,1024,1024,5,10,3,9.8857,3.29523,cuda_event
naive,1024,1024,1024,6,10,3,12.9669,4.3223,cuda_event
tiled,1024,1024,1024,6,10,3,9.6512,3.21707,cuda_event
cublas_fp32_pedantic,1024,1024,1024,6,10,3,1.47661,0.492203,cuda_event
tiled,1024,1024,1024,7,10,3,9.57952,3.19317,cuda_event
cublas_fp32_pedantic,1024,1024,1024,7,10,3,1.49299,0.497664,cuda_event
naive,1024,1024,1024,7,10,3,12.5952,4.1984,cuda_event
cublas_fp32_pedantic,1024,1024,1024,8,10,3,1.47149,0.490496,cuda_event
naive,1024,1024,1024,8,10,3,12.4436,4.14788,cuda_event
tiled,1024,1024,1024,8,10,3,9.41363,3.13788,cuda_event
naive,1024,1024,1024,9,10,3,12.4283,4.14276,cuda_event
tiled,1024,1024,1024,9,10,3,9.51194,3.17065,cuda_event
cublas_fp32_pedantic,1024,1024,1024,9,10,3,1.44282,0.480939,cuda_event
tiled,1024,1024,1024,10,10,3,9.56416,3.18805,cuda_event
cublas_fp32_pedantic,1024,1024,1024,10,10,3,1.48685,0.495616,cuda_event
naive,1024,1024,1024,10,10,3,12.204,4.06801,cuda_event
cublas_fp32_pedantic,1024,1024,1024,11,10,3,1.49094,0.496981,cuda_event
naive,1024,1024,1024,11,10,3,12.1262,4.04207,cuda_event
tiled,1024,1024,1024,11,10,3,9.20064,3.06688,cuda_event
naive,1024,1024,1024,12,10,3,12.2163,4.07211,cuda_event
tiled,1024,1024,1024,12,10,3,9.45664,3.15221,cuda_event
cublas_fp32_pedantic,1024,1024,1024,12,10,3,1.51347,0.504491,cuda_event
tiled,1024,1024,1024,13,10,3,9.57952,3.19317,cuda_event
cublas_fp32_pedantic,1024,1024,1024,13,10,3,1.42746,0.475819,cuda_event
naive,1024,1024,1024,13,10,3,12.2368,4.07893,cuda_event
cublas_fp32_pedantic,1024,1024,1024,14,10,3,1.43872,0.479573,cuda_event
naive,1024,1024,1024,14,10,3,12.2327,4.07757,cuda_event
tiled,1024,1024,1024,14,10,3,9.2928,3.0976,cuda_event
