method,m,n,k,timing,repetitions,median_ms,p10_ms,p90_ms,gflops_at_median
cpu,128,128,128,steady_clock,7,1.350700,1.335140,2.006780,3.105
cpu,255,257,129,steady_clock,7,4.046600,3.848040,5.121460,4.178
cublas_fp32_pedantic,128,128,128,cuda_event,15,0.015995,0.012575,0.022860,262.228
cublas_fp32_pedantic,255,257,129,cuda_event,15,0.020275,0.016292,0.023204,833.927
cublas_fp32_pedantic,512,512,512,cuda_event,15,0.087757,0.082719,0.092406,3058.856
cublas_fp32_pedantic,1024,1024,1024,cuda_event,15,0.494933,0.477321,0.509201,4338.938
naive,128,128,128,cuda_event,15,0.016773,0.015290,0.021467,250.061
naive,255,257,129,cuda_event,15,0.041779,0.041595,0.043213,404.700
naive,512,512,512,cuda_event,15,0.551322,0.539668,0.554066,486.894
naive,1024,1024,1024,cuda_event,15,4.162220,4.069650,4.321620,515.947
tiled,128,128,128,cuda_event,15,0.014070,0.012874,0.023335,298.107
tiled,255,257,129,cuda_event,15,0.037018,0.036424,0.039506,456.757
tiled,512,512,512,cuda_event,15,0.422810,0.410235,0.426619,634.884
tiled,1024,1024,1024,cuda_event,15,3.193170,3.113712,3.333936,672.524
